[
    {
        "item": "map",
        "weight": 9,
        "value": 150
    },
    {
        "item": "compass",
        "weight": 13,
        "value": 35
    },
    {
        "item": "water",
        "weight": 153,
        "value": 200
    },
    {
        "item": "sandwich",
        "weight": 50,
        "value": 160
    },
    {
        "item": "glucose",
        "weight": 15,
        "value": 60
    },
    {
        "item": "tin",
        "weight": 68,
        "value": 45
    },
    {
        "item": "banana",
        "weight": 27,
        "value": 60
    },
    {
        "item": "apple",
        "weight": 39,
        "value": 40
    },
    {
        "item": "cheese",
        "weight": 23,
        "value": 30
    },
    {
        "item": "beer",
        "weight": 52,
        "value": 10
    },
    {
        "item": "suntan cream",
        "weight": 11,
        "value": 70
    },
    {
        "item": "camera",
        "weight": 32,
        "value": 30
    },
    {
        "item": "T-shirt",
        "weight": 24,
        "value": 15
    },
    {
        "item": "trousers",
        "weight": 48,
        "value": 10
    },
    {
        "item": "umbrella",
        "weight": 73,
        "value": 40
    },
    {
        "item": "waterproof trousers",
        "weight": 42,
        "value": 70
    },
    {
        "item": "waterproof overclothes",
        "weight": 43,
        "value": 75
    },
    {
        "item": "note-case",
        "weight": 22,
        "value": 80
    },
    {
        "item": "sunglasses",
        "weight": 7,
        "value": 20
    },
    {
        "item": "towel",
        "weight": 18,
        "value": 12
    },
    {
        "item": "socks",
        "weight": 4,
        "value": 50
    },
    {
        "item": "book",
        "weight": 30,
        "value": 10
    },
    {
        "item": "knapsack",
        "weight": 400,
        "value": "?"
    }
]